line_idx,x,y,segm_idx,tablet_CDLI
0,128,175,0,ND02486
0,307,155,0,ND02486
0,596,162,0,ND02486
1,307,81,0,ND02486
1,448,78,0,ND02486
2,140,244,0,ND02486
2,647,236,0,ND02486
3,135,335,0,ND02486
3,424,321,0,ND02486
3,690,323,0,ND02486
4,151,415,0,ND02486
4,328,416,0,ND02486
4,532,415,0,ND02486
4,697,405,0,ND02486
5,133,506,0,ND02486
5,487,511,0,ND02486
5,663,499,0,ND02486
6,129,609,0,ND02486
6,376,595,0,ND02486
6,563,592,0,ND02486
7,137,704,0,ND02486
7,382,699,0,ND02486
7,552,697,0,ND02486
8,363,780,0,ND02486
8,633,766,0,ND02486
0,540,137,1,ND02486
0,684,126,1,ND02486
1,338,213,1,ND02486
1,523,203,1,ND02486
1,684,184,1,ND02486
2,243,312,1,ND02486
2,420,291,1,ND02486
2,603,269,1,ND02486
2,705,255,1,ND02486
3,215,394,1,ND02486
3,459,375,1,ND02486
3,622,351,1,ND02486
3,713,338,1,ND02486
4,113,493,1,ND02486
4,277,466,1,ND02486
4,490,442,1,ND02486
4,690,429,1,ND02486
5,115,559,1,ND02486
5,318,538,1,ND02486
5,467,519,1,ND02486
5,555,523,1,ND02486
5,664,517,1,ND02486
5,720,512,1,ND02486
6,105,630,1,ND02486
6,218,624,1,ND02486
6,403,613,1,ND02486
6,545,609,1,ND02486
6,621,604,1,ND02486
6,703,586,1,ND02486
6,737,572,1,ND02486
7,104,717,1,ND02486
7,293,708,1,ND02486
7,455,695,1,ND02486
7,583,687,1,ND02486
7,689,669,1,ND02486
7,727,653,1,ND02486
8,119,787,1,ND02486
8,239,789,1,ND02486
8,340,780,1,ND02486
8,547,773,1,ND02486
8,674,756,1,ND02486
9,346,866,1,ND02486
9,530,857,1,ND02486
9,635,841,1,ND02486
9,723,818,1,ND02486
0,439,130,7,K08396
0,734,112,7,K08396
1,121,171,7,K08396
1,263,166,7,K08396
1,449,162,7,K08396
1,689,144,7,K08396
1,836,129,7,K08396
2,109,209,7,K08396
2,259,195,7,K08396
2,344,195,7,K08396
2,502,189,7,K08396
2,645,182,7,K08396
2,795,168,7,K08396
2,855,165,7,K08396
3,117,237,7,K08396
3,217,229,7,K08396
3,269,227,7,K08396
3,364,231,7,K08396
3,467,228,7,K08396
3,594,220,7,K08396
3,785,202,7,K08396
3,855,194,7,K08396
4,118,271,7,K08396
4,168,268,7,K08396
4,246,265,7,K08396
4,310,267,7,K08396
4,377,265,7,K08396
4,490,259,7,K08396
4,551,252,7,K08396
4,670,244,7,K08396
4,773,237,7,K08396
4,866,232,7,K08396
5,101,321,7,K08396
5,144,312,7,K08396
5,216,306,7,K08396
5,277,299,7,K08396
5,326,300,7,K08396
5,407,298,7,K08396
5,483,294,7,K08396
5,543,287,7,K08396
5,626,282,7,K08396
5,730,279,7,K08396
5,849,266,7,K08396
6,84,362,7,K08396
6,158,346,7,K08396
6,209,335,7,K08396
6,281,335,7,K08396
6,352,332,7,K08396
6,450,326,7,K08396
6,524,320,7,K08396
6,618,312,7,K08396
6,713,306,7,K08396
6,796,304,7,K08396
6,846,297,7,K08396
7,82,395,7,K08396
7,158,382,7,K08396
7,264,371,7,K08396
7,358,363,7,K08396
7,454,360,7,K08396
7,529,355,7,K08396
7,651,350,7,K08396
7,783,342,7,K08396
7,845,335,7,K08396
8,77,437,7,K08396
8,201,415,7,K08396
8,270,408,7,K08396
8,383,399,7,K08396
8,529,388,7,K08396
8,647,386,7,K08396
8,776,377,7,K08396
8,848,369,7,K08396
9,87,472,7,K08396
9,240,451,7,K08396
9,274,448,7,K08396
9,339,441,7,K08396
9,415,433,7,K08396
9,509,430,7,K08396
9,677,420,7,K08396
9,776,412,7,K08396
9,843,406,7,K08396
10,97,505,7,K08396
10,210,489,7,K08396
10,345,472,7,K08396
10,425,466,7,K08396
10,507,464,7,K08396
10,687,449,7,K08396
10,794,440,7,K08396
10,858,439,7,K08396
11,107,550,7,K08396
11,199,538,7,K08396
11,337,526,7,K08396
11,454,518,7,K08396
11,662,505,7,K08396
11,764,497,7,K08396
11,834,494,7,K08396
11,862,492,7,K08396
12,172,518,7,K08396
12,345,495,7,K08396
12,436,491,7,K08396
12,675,481,7,K08396
12,753,471,7,K08396
12,842,468,7,K08396
13,83,584,7,K08396
13,195,568,7,K08396
13,338,558,7,K08396
13,520,540,7,K08396
13,703,529,7,K08396
13,808,528,7,K08396
13,851,521,7,K08396
14,155,606,7,K08396
14,216,600,7,K08396
14,429,584,7,K08396
14,599,571,7,K08396
14,723,564,7,K08396
14,841,552,7,K08396
15,82,645,7,K08396
15,195,630,7,K08396
15,340,623,7,K08396
15,539,611,7,K08396
15,701,596,7,K08396
15,786,589,7,K08396
15,857,578,7,K08396
16,134,677,7,K08396
16,384,655,7,K08396
16,542,648,7,K08396
16,738,631,7,K08396
16,832,622,7,K08396
17,171,711,7,K08396
17,358,693,7,K08396
17,514,683,7,K08396
18,125,751,7,K08396
18,190,743,7,K08396
18,469,727,7,K08396
18,542,717,7,K08396
18,705,700,7,K08396
18,844,688,7,K08396
19,114,788,7,K08396
19,295,771,7,K08396
19,524,754,7,K08396
19,686,738,7,K08396
19,851,721,7,K08396
20,144,828,7,K08396
20,351,803,7,K08396
20,505,795,7,K08396
20,667,784,7,K08396
20,848,758,7,K08396
21,152,853,7,K08396
21,532,827,7,K08396
21,677,813,7,K08396
22,216,890,7,K08396
22,464,868,7,K08396
22,530,862,7,K08396
22,731,845,7,K08396
22,839,836,7,K08396
23,479,906,7,K08396
23,548,897,7,K08396
23,686,881,7,K08396
23,765,880,7,K08396
23,803,878,7,K08396
0,466,131,8,K08396
0,849,111,8,K08396
1,525,178,8,K08396
1,845,151,8,K08396
2,467,208,8,K08396
2,770,193,8,K08396
3,474,245,8,K08396
3,799,227,8,K08396
4,449,277,8,K08396
4,756,263,8,K08396
5,441,320,8,K08396
5,841,294,8,K08396
6,453,349,8,K08396
6,845,326,8,K08396
7,457,380,8,K08396
7,655,370,8,K08396
7,853,356,8,K08396
8,419,423,8,K08396
8,515,420,8,K08396
8,678,410,8,K08396
8,791,402,8,K08396
8,862,394,8,K08396
9,409,461,8,K08396
9,578,447,8,K08396
9,616,443,8,K08396
9,751,442,8,K08396
9,861,427,8,K08396
10,355,500,8,K08396
10,516,492,8,K08396
10,592,484,8,K08396
10,665,483,8,K08396
10,793,474,8,K08396
10,859,466,8,K08396
11,342,538,8,K08396
11,447,532,8,K08396
11,580,528,8,K08396
11,715,520,8,K08396
11,790,514,8,K08396
11,875,505,8,K08396
12,321,577,8,K08396
12,412,572,8,K08396
12,495,568,8,K08396
12,606,565,8,K08396
12,681,560,8,K08396
12,766,555,8,K08396
12,862,544,8,K08396
13,301,617,8,K08396
13,372,612,8,K08396
13,474,603,8,K08396
13,590,601,8,K08396
13,694,601,8,K08396
13,791,587,8,K08396
13,858,578,8,K08396
14,333,647,8,K08396
14,484,642,8,K08396
14,612,639,8,K08396
14,799,625,8,K08396
14,868,618,8,K08396
15,303,689,8,K08396
15,414,684,8,K08396
15,545,680,8,K08396
15,693,673,8,K08396
15,781,664,8,K08396
15,864,661,8,K08396
16,288,725,8,K08396
16,363,719,8,K08396
16,454,717,8,K08396
16,594,716,8,K08396
16,664,717,8,K08396
16,771,705,8,K08396
16,866,699,8,K08396
17,279,765,8,K08396
17,354,758,8,K08396
17,540,751,8,K08396
17,645,752,8,K08396
17,806,738,8,K08396
18,289,802,8,K08396
18,368,791,8,K08396
18,425,788,8,K08396
18,500,787,8,K08396
18,630,787,8,K08396
18,780,779,8,K08396
18,827,775,8,K08396
19,402,823,8,K08396
19,647,811,8,K08396
19,832,808,8,K08396
20,464,846,8,K08396
20,837,850,8,K08396
21,741,79,8,K08396
21,846,72,8,K08396
0,541,241,11,BM099070
0,824,248,11,BM099070
1,187,317,11,BM099070
1,388,320,11,BM099070
1,566,310,11,BM099070
1,773,309,11,BM099070
2,140,389,11,BM099070
2,348,385,11,BM099070
2,591,379,11,BM099070
2,743,377,11,BM099070
3,126,462,11,BM099070
3,336,452,11,BM099070
3,575,448,11,BM099070
3,697,449,11,BM099070
4,139,536,11,BM099070
4,370,520,11,BM099070
4,529,517,11,BM099070
4,639,512,11,BM099070
5,137,617,11,BM099070
5,411,592,11,BM099070
5,608,581,11,BM099070
6,191,677,11,BM099070
6,378,663,11,BM099070
6,560,651,11,BM099070
7,177,763,11,BM099070
7,467,738,11,BM099070
8,199,822,11,BM099070
8,396,803,11,BM099070
9,260,884,11,BM099070
9,340,878,11,BM099070
0,70,101,16,P334926
0,180,91,16,P334926
0,296,82,16,P334926
0,395,77,16,P334926
0,464,72,16,P334926
1,72,140,16,P334926
1,159,127,16,P334926
1,263,114,16,P334926
1,362,108,16,P334926
1,463,102,16,P334926
2,70,179,16,P334926
2,187,161,16,P334926
2,318,145,16,P334926
2,449,136,16,P334926
2,610,129,16,P334926
3,72,220,16,P334926
3,181,203,16,P334926
3,311,188,16,P334926
3,429,177,16,P334926
3,542,172,16,P334926
3,652,160,16,P334926
4,70,255,16,P334926
4,170,244,16,P334926
4,273,228,16,P334926
4,366,218,16,P334926
4,508,205,16,P334926
4,603,200,16,P334926
4,676,190,16,P334926
5,78,287,16,P334926
5,179,276,16,P334926
5,316,258,16,P334926
5,451,244,16,P334926
5,585,233,16,P334926
5,672,225,16,P334926
6,80,328,16,P334926
6,172,317,16,P334926
6,275,300,16,P334926
6,356,290,16,P334926
7,433,281,16,P334926
7,534,272,16,P334926
7,622,263,16,P334926
7,687,256,16,P334926
8,122,357,16,P334926
8,246,343,16,P334926
8,357,328,16,P334926
8,493,316,16,P334926
8,597,308,16,P334926
8,695,298,16,P334926
9,83,395,16,P334926
9,179,384,16,P334926
9,289,375,16,P334926
9,402,363,16,P334926
9,488,357,16,P334926
9,591,350,16,P334926
9,636,344,16,P334926
10,82,431,16,P334926
10,172,418,16,P334926
10,275,410,16,P334926
10,386,399,16,P334926
10,480,395,16,P334926
10,557,390,16,P334926
11,83,470,16,P334926
11,204,455,16,P334926
11,329,445,16,P334926
11,450,434,16,P334926
11,557,429,16,P334926
12,87,511,16,P334926
12,188,505,16,P334926
12,348,488,16,P334926
12,471,476,16,P334926
12,533,469,16,P334926
13,90,549,16,P334926
13,225,535,16,P334926
13,345,523,16,P334926
13,431,517,16,P334926
13,510,509,16,P334926
14,91,588,16,P334926
14,202,575,16,P334926
14,312,565,16,P334926
14,404,560,16,P334926
14,488,550,16,P334926
15,95,622,16,P334926
15,220,616,16,P334926
15,294,610,16,P334926
15,381,600,16,P334926
15,459,595,16,P334926
16,99,660,16,P334926
16,198,654,16,P334926
16,322,647,16,P334926
16,430,641,16,P334926
17,95,698,16,P334926
17,182,692,16,P334926
17,285,689,16,P334926
17,353,685,16,P334926
17,411,680,16,P334926
18,95,741,16,P334926
18,157,737,16,P334926
18,323,730,16,P334926
18,407,720,16,P334926
19,97,782,16,P334926
19,211,769,16,P334926
19,342,765,16,P334926
19,411,760,16,P334926
20,99,817,16,P334926
20,206,809,16,P334926
20,326,803,16,P334926
20,417,803,16,P334926
21,99,851,16,P334926
21,208,847,16,P334926
21,314,844,16,P334926
21,443,836,16,P334926
22,108,886,16,P334926
22,208,883,16,P334926
22,315,877,16,P334926
22,418,874,16,P334926
22,493,868,16,P334926
0,90,119,17,P334926
0,210,111,17,P334926
0,322,102,17,P334926
0,446,93,17,P334926
0,594,81,17,P334926
1,74,164,17,P334926
1,246,151,17,P334926
1,435,133,17,P334926
1,567,124,17,P334926
2,73,210,17,P334926
2,200,195,17,P334926
2,343,180,17,P334926
2,434,164,17,P334926
2,566,157,17,P334926
3,68,251,17,P334926
3,250,230,17,P334926
3,381,218,17,P334926
3,481,209,17,P334926
4,391,384,17,P334926
4,436,384,17,P334926
0,397,104,18,P334932
0,531,103,18,P334932
1,436,153,18,P334932
1,615,149,18,P334932
2,455,201,18,P334932
2,670,194,18,P334932
3,634,239,18,P334932
3,726,238,18,P334932
4,491,298,18,P334932
4,775,290,18,P334932
5,435,351,18,P334932
5,736,346,18,P334932
5,823,341,18,P334932
6,81,423,18,P334932
6,252,423,18,P334932
6,458,416,18,P334932
6,568,405,18,P334932
6,685,409,18,P334932
6,874,399,18,P334932
7,79,474,18,P334932
7,188,473,18,P334932
7,284,474,18,P334932
7,357,472,18,P334932
7,486,465,18,P334932
7,605,459,18,P334932
7,740,458,18,P334932
7,851,453,18,P334932
7,931,453,18,P334932
8,79,522,18,P334932
8,207,523,18,P334932
8,243,522,18,P334932
9,392,512,18,P334932
9,483,507,18,P334932
9,627,502,18,P334932
9,781,501,18,P334932
9,904,498,18,P334932
9,986,500,18,P334932
10,74,580,18,P334932
10,181,577,18,P334932
10,290,572,18,P334932
10,410,565,18,P334932
10,505,561,18,P334932
10,626,561,18,P334932
10,742,555,18,P334932
10,858,556,18,P334932
10,991,556,18,P334932
11,77,630,18,P334932
11,272,624,18,P334932
11,416,615,18,P334932
11,581,611,18,P334932
11,713,604,18,P334932
11,829,610,18,P334932
11,997,613,18,P334932
12,81,678,18,P334932
12,283,676,18,P334932
12,453,664,18,P334932
13,551,665,18,P334932
13,757,663,18,P334932
13,858,663,18,P334932
13,990,660,18,P334932
14,208,723,18,P334932
14,354,714,18,P334932
14,518,713,18,P334932
14,612,711,18,P334932
14,998,705,18,P334932
15,125,775,18,P334932
15,557,767,18,P334932
16,646,767,18,P334932
16,1006,756,18,P334932
17,220,72,18,P334932
17,298,70,18,P334932
0,145,103,19,P334932
0,317,88,19,P334932
0,519,85,19,P334932
0,726,82,19,P334932
0,960,89,19,P334932
1,253,140,19,P334932
1,547,124,19,P334932
1,784,122,19,P334932
1,987,135,19,P334932
2,250,185,19,P334932
2,465,177,19,P334932
2,736,168,19,P334932
2,989,182,19,P334932
3,246,246,19,P334932
3,357,236,19,P334932
4,552,228,19,P334932
4,603,224,19,P334932
5,825,223,19,P334932
5,993,227,19,P334932
6,881,282,19,P334932
6,995,277,19,P334932
7,904,329,19,P334932
7,994,325,19,P334932
0,91,76,20,P336128
0,265,84,20,P336128
0,464,86,20,P336128
0,662,91,20,P336128
0,850,91,20,P336128
0,960,97,20,P336128
0,1026,98,20,P336128
1,96,125,20,P336128
1,152,123,20,P336128
1,246,126,20,P336128
1,366,123,20,P336128
1,493,122,20,P336128
1,627,123,20,P336128
1,782,128,20,P336128
1,903,132,20,P336128
1,1012,134,20,P336128
2,91,175,20,P336128
2,217,167,20,P336128
2,378,169,20,P336128
2,524,162,20,P336128
2,681,173,20,P336128
2,840,172,20,P336128
2,999,175,20,P336128
3,98,218,20,P336128
3,235,216,20,P336128
3,429,215,20,P336128
3,569,215,20,P336128
3,754,219,20,P336128
3,900,217,20,P336128
3,1024,215,20,P336128
4,98,267,20,P336128
4,487,261,20,P336128
4,703,267,20,P336128
4,917,266,20,P336128
4,1032,260,20,P336128
5,98,311,20,P336128
5,309,307,20,P336128
5,535,307,20,P336128
5,704,310,20,P336128
5,885,306,20,P336128
5,1006,302,20,P336128
6,95,356,20,P336128
6,219,357,20,P336128
6,329,356,20,P336128
6,491,356,20,P336128
6,650,357,20,P336128
6,832,352,20,P336128
6,1017,345,20,P336128
7,92,403,20,P336128
7,248,404,20,P336128
7,408,402,20,P336128
7,600,405,20,P336128
7,787,398,20,P336128
7,961,398,20,P336128
7,1027,394,20,P336128
8,82,446,20,P336128
8,219,454,20,P336128
8,419,457,20,P336128
8,502,459,20,P336128
8,601,449,20,P336128
8,746,448,20,P336128
8,898,441,20,P336128
8,955,440,20,P336128
8,1014,438,20,P336128
9,82,497,20,P336128
9,259,498,20,P336128
9,397,495,20,P336128
9,544,502,20,P336128
9,673,499,20,P336128
9,822,494,20,P336128
9,999,487,20,P336128
10,539,551,20,P336128
10,627,551,20,P336128
10,734,549,20,P336128
10,790,549,20,P336128
10,908,543,20,P336128
10,1028,544,20,P336128
11,1029,544,20,P336128
11,1046,543,20,P336128
12,570,600,20,P336128
12,685,602,20,P336128
12,821,595,20,P336128
12,922,595,20,P336128
12,1012,598,20,P336128
13,484,702,20,P336128
13,626,699,20,P336128
13,810,700,20,P336128
13,956,704,20,P336128
14,515,656,20,P336128
14,674,657,20,P336128
14,787,651,20,P336128
14,976,645,20,P336128
14,1035,648,20,P336128
0,545,81,21,P336128
0,788,75,21,P336128
0,947,77,21,P336128
0,1016,80,21,P336128
1,533,117,21,P336128
1,648,115,21,P336128
1,764,112,21,P336128
1,887,112,21,P336128
1,1015,115,21,P336128
2,472,158,21,P336128
2,636,157,21,P336128
2,794,156,21,P336128
2,926,158,21,P336128
2,1007,157,21,P336128
3,410,202,21,P336128
3,557,201,21,P336128
3,712,208,21,P336128
3,857,207,21,P336128
3,1009,208,21,P336128
4,179,279,21,P336128
4,328,257,21,P336128
4,468,248,21,P336128
4,637,252,21,P336128
4,798,258,21,P336128
4,955,257,21,P336128
5,97,341,21,P336128
5,261,318,21,P336128
5,446,296,21,P336128
5,625,299,21,P336128
5,796,307,21,P336128
5,1006,302,21,P336128
6,73,406,21,P336128
6,308,372,21,P336128
6,526,353,21,P336128
6,765,355,21,P336128
6,786,356,21,P336128
7,897,363,21,P336128
7,1017,359,21,P336128
8,75,456,21,P336128
8,358,421,21,P336128
8,603,408,21,P336128
8,848,411,21,P336128
9,895,408,21,P336128
9,1023,407,21,P336128
10,78,507,21,P336128
10,277,482,21,P336128
10,491,471,21,P336128
10,718,464,21,P336128
10,811,464,21,P336128
0,336,97,22,P336150
0,482,94,22,P336150
1,274,131,22,P336150
1,472,127,22,P336150
1,549,128,22,P336150
2,202,178,22,P336150
2,480,165,22,P336150
2,521,166,22,P336150
3,187,216,22,P336150
3,339,207,22,P336150
3,479,205,22,P336150
3,600,206,22,P336150
4,140,266,22,P336150
4,282,252,22,P336150
4,466,249,22,P336150
4,533,245,22,P336150
4,630,245,22,P336150
5,128,340,22,P336150
5,277,331,22,P336150
5,414,325,22,P336150
5,530,320,22,P336150
5,636,323,22,P336150
5,741,316,22,P336150
6,125,380,22,P336150
6,260,374,22,P336150
6,398,367,22,P336150
6,522,363,22,P336150
6,664,359,22,P336150
6,774,354,22,P336150
7,137,425,22,P336150
7,286,418,22,P336150
7,436,411,22,P336150
7,564,401,22,P336150
7,662,398,22,P336150
7,751,396,22,P336150
7,823,391,22,P336150
8,144,493,22,P336150
8,246,487,22,P336150
8,371,479,22,P336150
8,501,477,22,P336150
8,637,473,22,P336150
8,765,466,22,P336150
8,835,461,22,P336150
9,148,538,22,P336150
9,331,525,22,P336150
9,507,519,22,P336150
9,668,507,22,P336150
9,777,504,22,P336150
9,829,498,22,P336150
10,106,588,22,P336150
10,186,581,22,P336150
10,313,573,22,P336150
10,455,566,22,P336150
10,581,559,22,P336150
10,710,548,22,P336150
10,832,543,22,P336150
11,89,632,22,P336150
11,207,624,22,P336150
11,349,614,22,P336150
11,501,606,22,P336150
11,649,597,22,P336150
11,759,593,22,P336150
11,838,587,22,P336150
12,91,678,22,P336150
12,165,674,22,P336150
13,459,656,22,P336150
13,598,647,22,P336150
13,702,639,22,P336150
13,815,627,22,P336150
14,110,742,22,P336150
14,142,742,22,P336150
15,499,721,22,P336150
15,664,713,22,P336150
15,837,702,22,P336150
16,568,761,22,P336150
16,741,749,22,P336150
17,623,800,22,P336150
17,730,793,22,P336150
0,425,382,23,P336150
0,472,383,23,P336150
1,357,434,23,P336150
1,494,425,23,P336150
2,87,485,23,P336150
2,145,486,23,P336150
3,296,484,23,P336150
3,451,473,23,P336150
3,511,471,23,P336150
4,76,570,23,P336150
4,200,568,23,P336150
4,314,564,23,P336150
4,438,559,23,P336150
5,66,612,23,P336150
5,190,609,23,P336150
5,356,607,23,P336150
5,501,599,23,P336150
0,221,63,25,P336158
0,428,69,25,P336158
0,560,76,25,P336158
1,185,102,25,P336158
1,331,103,25,P336158
1,623,108,25,P336158
2,212,137,25,P336158
2,435,143,25,P336158
2,632,146,25,P336158
3,296,184,25,P336158
3,530,184,25,P336158
3,636,183,25,P336158
3,653,182,25,P336158
4,366,223,25,P336158
4,534,220,25,P336158
4,653,224,25,P336158
5,385,262,25,P336158
5,522,261,25,P336158
5,615,259,25,P336158
5,653,258,25,P336158
6,380,300,25,P336158
6,603,297,25,P336158
0,95,152,26,K09237Vs
0,159,150,26,K09237Vs
1,95,189,26,K09237Vs
1,175,181,26,K09237Vs
2,91,231,26,K09237Vs
2,218,214,26,K09237Vs
3,92,265,26,K09237Vs
3,182,254,26,K09237Vs
3,267,244,26,K09237Vs
4,93,304,26,K09237Vs
4,182,293,26,K09237Vs
4,249,289,26,K09237Vs
4,322,282,26,K09237Vs
5,98,339,26,K09237Vs
5,200,328,26,K09237Vs
5,282,319,26,K09237Vs
5,340,313,26,K09237Vs
6,92,373,26,K09237Vs
6,178,367,26,K09237Vs
6,254,360,26,K09237Vs
6,314,356,26,K09237Vs
6,371,348,26,K09237Vs
7,91,411,26,K09237Vs
7,199,405,26,K09237Vs
7,253,396,26,K09237Vs
7,416,383,26,K09237Vs
8,88,447,26,K09237Vs
8,189,438,26,K09237Vs
8,317,425,26,K09237Vs
8,493,413,26,K09237Vs
9,80,482,26,K09237Vs
9,226,470,26,K09237Vs
9,364,460,26,K09237Vs
9,514,448,26,K09237Vs
9,573,445,26,K09237Vs
10,79,520,26,K09237Vs
10,236,507,26,K09237Vs
10,383,495,26,K09237Vs
10,499,488,26,K09237Vs
10,701,481,26,K09237Vs
11,85,554,26,K09237Vs
11,173,545,26,K09237Vs
11,248,537,26,K09237Vs
11,378,527,26,K09237Vs
11,534,523,26,K09237Vs
11,622,517,26,K09237Vs
11,773,513,26,K09237Vs
12,83,589,26,K09237Vs
12,168,577,26,K09237Vs
12,224,573,26,K09237Vs
12,283,567,26,K09237Vs
12,451,559,26,K09237Vs
12,596,554,26,K09237Vs
12,704,549,26,K09237Vs
12,831,541,26,K09237Vs
13,79,624,26,K09237Vs
13,206,612,26,K09237Vs
13,362,601,26,K09237Vs
13,499,589,26,K09237Vs
13,572,585,26,K09237Vs
14,690,579,26,K09237Vs
14,798,579,26,K09237Vs
15,75,658,26,K09237Vs
15,239,645,26,K09237Vs
15,317,637,26,K09237Vs
15,475,626,26,K09237Vs
16,534,622,26,K09237Vs
16,821,613,26,K09237Vs
17,67,696,26,K09237Vs
17,224,680,26,K09237Vs
17,326,671,26,K09237Vs
17,460,659,26,K09237Vs
18,706,653,26,K09237Vs
18,776,652,26,K09237Vs
19,61,732,26,K09237Vs
19,163,719,26,K09237Vs
19,228,711,26,K09237Vs
19,447,698,26,K09237Vs
19,657,690,26,K09237Vs
19,742,687,26,K09237Vs
20,69,767,26,K09237Vs
20,181,750,26,K09237Vs
20,303,738,26,K09237Vs
21,394,730,26,K09237Vs
21,564,731,26,K09237Vs
21,719,727,26,K09237Vs
0,1410,356,0,VAT13604Vs
0,2096,366,0,VAT13604Vs
0,2744,352,0,VAT13604Vs
1,656,466,0,VAT13604Vs
1,1784,488,0,VAT13604Vs
1,2364,504,0,VAT13604Vs
1,2920,494,0,VAT13604Vs
2,430,622,0,VAT13604Vs
2,1222,596,0,VAT13604Vs
2,1702,602,0,VAT13604Vs
2,2100,618,0,VAT13604Vs
2,2486,602,0,VAT13604Vs
2,2934,618,0,VAT13604Vs
3,268,858,0,VAT13604Vs
3,606,812,0,VAT13604Vs
3,820,776,0,VAT13604Vs
3,1246,748,0,VAT13604Vs
3,1930,752,0,VAT13604Vs
3,2326,768,0,VAT13604Vs
3,2892,784,0,VAT13604Vs
4,262,1004,0,VAT13604Vs
4,430,966,0,VAT13604Vs
4,668,926,0,VAT13604Vs
4,1034,896,0,VAT13604Vs
4,1630,884,0,VAT13604Vs
4,1868,892,0,VAT13604Vs
4,2618,900,0,VAT13604Vs
4,2960,910,0,VAT13604Vs
5,250,1136,0,VAT13604Vs
5,482,1082,0,VAT13604Vs
5,818,1074,0,VAT13604Vs
5,1004,1066,0,VAT13604Vs
5,1420,1058,0,VAT13604Vs
5,1908,1050,0,VAT13604Vs
5,2268,1052,0,VAT13604Vs
5,2642,1070,0,VAT13604Vs
5,2912,1070,0,VAT13604Vs
6,250,1276,0,VAT13604Vs
6,514,1230,0,VAT13604Vs
6,862,1210,0,VAT13604Vs
6,1116,1202,0,VAT13604Vs
6,1434,1208,0,VAT13604Vs
6,1804,1184,0,VAT13604Vs
6,2344,1196,0,VAT13604Vs
6,2898,1202,0,VAT13604Vs
7,284,1400,0,VAT13604Vs
7,404,1370,0,VAT13604Vs
7,652,1362,0,VAT13604Vs
7,932,1352,0,VAT13604Vs
7,1290,1332,0,VAT13604Vs
7,1798,1328,0,VAT13604Vs
7,2572,1328,0,VAT13604Vs
7,2934,1338,0,VAT13604Vs
8,276,1544,0,VAT13604Vs
8,860,1500,0,VAT13604Vs
8,1232,1486,0,VAT13604Vs
8,1650,1460,0,VAT13604Vs
9,1994,1454,0,VAT13604Vs
9,2610,1460,0,VAT13604Vs
9,2948,1456,0,VAT13604Vs
10,268,1720,0,VAT13604Vs
10,502,1668,0,VAT13604Vs
10,738,1646,0,VAT13604Vs
10,1042,1614,0,VAT13604Vs
10,1632,1600,0,VAT13604Vs
11,1994,1600,0,VAT13604Vs
11,2710,1620,0,VAT13604Vs
11,2972,1594,0,VAT13604Vs
12,334,1862,0,VAT13604Vs
12,520,1810,0,VAT13604Vs
12,758,1794,0,VAT13604Vs
12,1130,1772,0,VAT13604Vs
12,1584,1748,0,VAT13604Vs
13,2080,1744,0,VAT13604Vs
13,2302,1740,0,VAT13604Vs
13,2596,1742,0,VAT13604Vs
13,2900,1760,0,VAT13604Vs
14,588,1966,0,VAT13604Vs
14,970,1932,0,VAT13604Vs
14,1410,1900,0,VAT13604Vs
14,1704,1894,0,VAT13604Vs
14,1966,1904,0,VAT13604Vs
14,2266,1920,0,VAT13604Vs
14,2570,1914,0,VAT13604Vs
14,2804,1896,0,VAT13604Vs
14,2960,1894,0,VAT13604Vs
15,780,2096,0,VAT13604Vs
15,1218,2082,0,VAT13604Vs
15,1706,2058,0,VAT13604Vs
15,2030,2066,0,VAT13604Vs
15,2432,2066,0,VAT13604Vs
15,2646,2078,0,VAT13604Vs
15,2884,2056,0,VAT13604Vs
15,2986,2022,0,VAT13604Vs
16,496,2322,0,VAT13604Vs
16,720,2302,0,VAT13604Vs
16,968,2254,0,VAT13604Vs
16,1262,2234,0,VAT13604Vs
16,1602,2228,0,VAT13604Vs
16,2014,2224,0,VAT13604Vs
16,2384,2242,0,VAT13604Vs
16,2610,2234,0,VAT13604Vs
17,462,2524,0,VAT13604Vs
17,730,2506,0,VAT13604Vs
17,1234,2458,0,VAT13604Vs
17,1452,2454,0,VAT13604Vs
17,1636,2454,0,VAT13604Vs
18,436,2690,0,VAT13604Vs
18,732,2672,0,VAT13604Vs
18,1022,2636,0,VAT13604Vs
19,2506,2588,0,VAT13604Vs
19,2964,2568,0,VAT13604Vs
20,406,2840,0,VAT13604Vs
20,950,2778,0,VAT13604Vs
21,2164,2764,0,VAT13604Vs
21,2628,2748,0,VAT13604Vs
21,2914,2702,0,VAT13604Vs
22,486,2984,0,VAT13604Vs
22,940,2950,0,VAT13604Vs
23,1398,2916,0,VAT13604Vs
23,1864,2902,0,VAT13604Vs
23,2330,2890,0,VAT13604Vs
23,2640,2848,0,VAT13604Vs
23,2910,2816,0,VAT13604Vs
24,514,3114,0,VAT13604Vs
24,814,3088,0,VAT13604Vs
24,1616,3056,0,VAT13604Vs
24,1846,3040,0,VAT13604Vs
24,2182,3030,0,VAT13604Vs
24,2578,2992,0,VAT13604Vs
24,2828,2972,0,VAT13604Vs
24,2950,2942,0,VAT13604Vs
25,516,3230,0,VAT13604Vs
25,904,3230,0,VAT13604Vs
25,1180,3232,0,VAT13604Vs
25,1414,3212,0,VAT13604Vs
25,1806,3200,0,VAT13604Vs
25,2174,3168,0,VAT13604Vs
25,2888,3110,0,VAT13604Vs
26,514,3418,0,VAT13604Vs
26,1010,3398,0,VAT13604Vs
26,1426,3372,0,VAT13604Vs
26,1756,3358,0,VAT13604Vs
26,2172,3326,0,VAT13604Vs
26,2556,3278,0,VAT13604Vs
26,2908,3244,0,VAT13604Vs
27,504,3556,0,VAT13604Vs
27,892,3550,0,VAT13604Vs
27,1322,3536,0,VAT13604Vs
27,1742,3514,0,VAT13604Vs
27,2092,3494,0,VAT13604Vs
27,2770,3438,0,VAT13604Vs
27,2892,3434,0,VAT13604Vs
28,530,3706,0,VAT13604Vs
28,1164,3676,0,VAT13604Vs
28,1640,3670,0,VAT13604Vs
28,2006,3664,0,VAT13604Vs
28,2376,3642,0,VAT13604Vs
28,2718,3612,0,VAT13604Vs
28,2864,3592,0,VAT13604Vs
29,1172,3840,0,VAT13604Vs
29,1472,3832,0,VAT13604Vs
30,1928,3824,0,VAT13604Vs
30,2642,3776,0,VAT13604Vs
31,1706,3982,0,VAT13604Vs
31,2334,3942,0,VAT13604Vs
31,2648,3924,0,VAT13604Vs
31,2882,3920,0,VAT13604Vs
32,1268,4130,0,VAT13604Vs
32,1640,4132,0,VAT13604Vs
32,1988,4120,0,VAT13604Vs
32,2450,4094,0,VAT13604Vs
32,2864,4068,0,VAT13604Vs
33,1330,4280,0,VAT13604Vs
33,1732,4276,0,VAT13604Vs
33,2416,4280,0,VAT13604Vs
33,2810,4226,0,VAT13604Vs
33,2922,4220,0,VAT13604Vs
34,1420,4448,0,VAT13604Vs
34,2012,4426,0,VAT13604Vs
34,2518,4420,0,VAT13604Vs
34,2862,4402,0,VAT13604Vs
0,2218,336,1,VAT13604Rs
0,2890,318,1,VAT13604Rs
1,2154,474,1,VAT13604Rs
1,2910,450,1,VAT13604Rs
2,1936,604,1,VAT13604Rs
2,2398,588,1,VAT13604Rs
2,2910,578,1,VAT13604Rs
3,1950,736,1,VAT13604Rs
3,2514,728,1,VAT13604Rs
3,2910,728,1,VAT13604Rs
4,1906,882,1,VAT13604Rs
4,2908,872,1,VAT13604Rs
5,2046,1102,1,VAT13604Rs
5,2592,1108,1,VAT13604Rs
5,2886,1092,1,VAT13604Rs
6,1928,1226,1,VAT13604Rs
6,2592,1254,1,VAT13604Rs
6,2924,1234,1,VAT13604Rs
7,1908,1354,1,VAT13604Rs
7,2260,1392,1,VAT13604Rs
7,2524,1398,1,VAT13604Rs
7,2796,1386,1,VAT13604Rs
7,2950,1368,1,VAT13604Rs
8,1784,1502,1,VAT13604Rs
8,2536,1540,1,VAT13604Rs
8,2912,1540,1,VAT13604Rs
9,632,1740,1,VAT13604Rs
9,1230,1732,1,VAT13604Rs
9,1684,1714,1,VAT13604Rs
9,2236,1692,1,VAT13604Rs
9,2530,1712,1,VAT13604Rs
9,2782,1704,1,VAT13604Rs
9,3016,1690,1,VAT13604Rs
10,482,1900,1,VAT13604Rs
10,974,1884,1,VAT13604Rs
10,1280,1876,1,VAT13604Rs
10,1582,1876,1,VAT13604Rs
10,1850,1886,1,VAT13604Rs
10,2226,1864,1,VAT13604Rs
10,2574,1872,1,VAT13604Rs
10,2906,1854,1,VAT13604Rs
11,456,2052,1,VAT13604Rs
11,860,2042,1,VAT13604Rs
11,1124,2036,1,VAT13604Rs
11,1582,2034,1,VAT13604Rs
11,1908,2028,1,VAT13604Rs
11,2242,2018,1,VAT13604Rs
11,2564,1992,1,VAT13604Rs
11,2898,1998,1,VAT13604Rs
12,340,2236,1,VAT13604Rs
12,602,2228,1,VAT13604Rs
12,878,2200,1,VAT13604Rs
13,1912,2178,1,VAT13604Rs
13,2874,2144,1,VAT13604Rs
14,344,2392,1,VAT13604Rs
14,882,2366,1,VAT13604Rs
15,1370,2368,1,VAT13604Rs
15,2024,2332,1,VAT13604Rs
15,2430,2316,1,VAT13604Rs
15,2884,2300,1,VAT13604Rs
16,546,2618,1,VAT13604Rs
16,1204,2636,1,VAT13604Rs
16,1552,2622,1,VAT13604Rs
17,2292,2604,1,VAT13604Rs
17,2910,2576,1,VAT13604Rs
18,380,3206,1,VAT13604Rs
18,1224,3158,1,VAT13604Rs
18,1686,3102,1,VAT13604Rs
18,2180,3064,1,VAT13604Rs
18,2730,3020,1,VAT13604Rs
19,366,3622,1,VAT13604Rs
19,1032,3560,1,VAT13604Rs
19,1584,3520,1,VAT13604Rs
19,2040,3472,1,VAT13604Rs
19,2388,3464,1,VAT13604Rs
19,2862,3418,1,VAT13604Rs
20,372,3988,1,VAT13604Rs
20,908,3948,1,VAT13604Rs
20,1342,3910,1,VAT13604Rs
20,1714,3880,1,VAT13604Rs
20,2200,3830,1,VAT13604Rs
20,2572,3828,1,VAT13604Rs
20,2850,3808,1,VAT13604Rs
0,1140,865,2,VAT11100Rs
0,1412,861,2,VAT11100Rs
1,1309,991,2,VAT11100Rs
1,1936,1020,2,VAT11100Rs
2,1168,1116,2,VAT11100Rs
2,1510,1133,2,VAT11100Rs
2,1926,1150,2,VAT11100Rs
3,203,1303,2,VAT11100Rs
3,422,1261,2,VAT11100Rs
4,1811,1280,2,VAT11100Rs
4,1948,1282,2,VAT11100Rs
5,201,1425,2,VAT11100Rs
5,548,1386,2,VAT11100Rs
6,1547,1391,2,VAT11100Rs
6,1929,1422,2,VAT11100Rs
7,201,1540,2,VAT11100Rs
7,934,1520,2,VAT11100Rs
8,1380,1519,2,VAT11100Rs
8,1654,1536,2,VAT11100Rs
8,2014,1546,2,VAT11100Rs
9,192,1681,2,VAT11100Rs
9,505,1656,2,VAT11100Rs
9,874,1650,2,VAT11100Rs
9,1340,1660,2,VAT11100Rs
9,1450,1660,2,VAT11100Rs
9,1890,1686,2,VAT11100Rs
9,2169,1678,2,VAT11100Rs
10,196,1819,2,VAT11100Rs
10,616,1784,2,VAT11100Rs
10,808,1776,2,VAT11100Rs
10,1140,1788,2,VAT11100Rs
10,1312,1789,2,VAT11100Rs
10,1692,1802,2,VAT11100Rs
10,2018,1830,2,VAT11100Rs
10,2184,1800,2,VAT11100Rs
11,197,1949,2,VAT11100Rs
11,620,1918,2,VAT11100Rs
11,950,1917,2,VAT11100Rs
11,1337,1940,2,VAT11100Rs
11,1693,1965,2,VAT11100Rs
12,217,2107,2,VAT11100Rs
12,718,2065,2,VAT11100Rs
12,1088,2070,2,VAT11100Rs
12,1428,2104,2,VAT11100Rs
12,1638,2104,2,VAT11100Rs
12,1885,2108,2,VAT11100Rs
12,2113,2114,2,VAT11100Rs
13,319,2228,2,VAT11100Rs
13,716,2213,2,VAT11100Rs
13,1084,2218,2,VAT11100Rs
13,1608,2229,2,VAT11100Rs
13,1941,2237,2,VAT11100Rs
13,2102,2241,2,VAT11100Rs
13,2193,2221,2,VAT11100Rs
14,335,2344,2,VAT11100Rs
14,764,2346,2,VAT11100Rs
14,1076,2358,2,VAT11100Rs
14,1629,2366,2,VAT11100Rs
14,1954,2382,2,VAT11100Rs
14,2169,2345,2,VAT11100Rs
15,481,2472,2,VAT11100Rs
15,732,2465,2,VAT11100Rs
15,1270,2482,2,VAT11100Rs
15,1648,2505,2,VAT11100Rs
15,1996,2513,2,VAT11100Rs
15,2177,2466,2,VAT11100Rs
16,755,2597,2,VAT11100Rs
16,1129,2616,2,VAT11100Rs
16,1568,2625,2,VAT11100Rs
16,1809,2637,2,VAT11100Rs
16,2064,2617,2,VAT11100Rs
17,1111,2744,2,VAT11100Rs
17,1625,2754,2,VAT11100Rs
18,1424,2853,2,VAT11100Rs
18,1553,2861,2,VAT11100Rs
0,3040,220,3,VAT10657
0,3808,272,3,VAT10657
1,2008,360,3,VAT10657
1,2628,376,3,VAT10657
1,3236,404,3,VAT10657
1,3760,416,3,VAT10657
2,1768,500,3,VAT10657
2,2532,512,3,VAT10657
2,3236,548,3,VAT10657
3,1340,692,3,VAT10657
3,1916,692,3,VAT10657
3,2284,684,3,VAT10657
3,2952,700,3,VAT10657
4,1112,856,3,VAT10657
4,1840,828,3,VAT10657
4,2392,840,3,VAT10657
4,2984,844,3,VAT10657
5,924,1040,3,VAT10657
5,1600,1016,3,VAT10657
5,2380,996,3,VAT10657
5,2808,996,3,VAT10657
6,464,1280,3,VAT10657
6,1012,1232,3,VAT10657
6,1508,1204,3,VAT10657
6,1924,1180,3,VAT10657
6,2456,1176,3,VAT10657
6,2876,1164,3,VAT10657
7,424,1452,3,VAT10657
7,888,1404,3,VAT10657
7,1516,1376,3,VAT10657
7,2260,1352,3,VAT10657
7,2928,1324,3,VAT10657
8,316,1680,3,VAT10657
8,876,1612,3,VAT10657
8,1492,1572,3,VAT10657
8,2040,1544,3,VAT10657
8,2420,1516,3,VAT10657
8,2816,1504,3,VAT10657
9,376,1864,3,VAT10657
9,816,1804,3,VAT10657
9,1492,1748,3,VAT10657
9,2044,1708,3,VAT10657
9,2436,1696,3,VAT10657
9,2608,1712,3,VAT10657
10,532,2020,3,VAT10657
10,1424,1916,3,VAT10657
10,1764,1900,3,VAT10657
10,2148,1884,3,VAT10657
10,2424,1888,3,VAT10657
11,488,2212,3,VAT10657
11,1064,2148,3,VAT10657
11,1600,2104,3,VAT10657
11,1960,2100,3,VAT10657
0,2058,370,4,VAT10601
0,2610,368,4,VAT10601
1,2084,544,4,VAT10601
1,2642,532,4,VAT10601
2,2014,722,4,VAT10601
2,2524,726,4,VAT10601
2,2674,716,4,VAT10601
3,1782,948,4,VAT10601
3,2238,914,4,VAT10601
3,2610,912,4,VAT10601
4,1696,1122,4,VAT10601
4,2092,1106,4,VAT10601
4,2426,1078,4,VAT10601
4,2580,1086,4,VAT10601
5,1130,1344,4,VAT10601
5,1510,1322,4,VAT10601
5,1818,1314,4,VAT10601
5,2110,1292,4,VAT10601
5,2348,1254,4,VAT10601
5,2486,1260,4,VAT10601
6,1296,1488,4,VAT10601
6,1734,1490,4,VAT10601
6,2016,1482,4,VAT10601
6,2246,1476,4,VAT10601
6,2434,1466,4,VAT10601
7,1278,1696,4,VAT10601
7,1620,1668,4,VAT10601
7,1914,1656,4,VAT10601
7,2146,1646,4,VAT10601
7,2358,1628,4,VAT10601
8,1234,1902,4,VAT10601
8,1540,1864,4,VAT10601
8,1878,1854,4,VAT10601
8,2180,1844,4,VAT10601
9,1224,2088,4,VAT10601
9,1688,2052,4,VAT10601
9,2080,2044,4,VAT10601
0,606,320,5,VAT08803Vs
0,872,362,5,VAT08803Vs
0,1116,360,5,VAT08803Vs
0,1428,372,5,VAT08803Vs
0,1814,386,5,VAT08803Vs
0,2152,384,5,VAT08803Vs
0,2578,374,5,VAT08803Vs
0,2982,338,5,VAT08803Vs
1,598,440,5,VAT08803Vs
1,1152,470,5,VAT08803Vs
1,1814,496,5,VAT08803Vs
1,2070,490,5,VAT08803Vs
1,2952,468,5,VAT08803Vs
2,756,576,5,VAT08803Vs
2,1068,574,5,VAT08803Vs
2,1322,586,5,VAT08803Vs
2,1686,594,5,VAT08803Vs
2,1962,600,5,VAT08803Vs
2,2160,602,5,VAT08803Vs
2,2422,598,5,VAT08803Vs
2,2976,592,5,VAT08803Vs
3,642,672,5,VAT08803Vs
3,1012,710,5,VAT08803Vs
3,1244,706,5,VAT08803Vs
3,1620,722,5,VAT08803Vs
3,1990,724,5,VAT08803Vs
3,2296,726,5,VAT08803Vs
3,2514,720,5,VAT08803Vs
3,2732,704,5,VAT08803Vs
3,2896,708,5,VAT08803Vs
4,490,810,5,VAT08803Vs
4,778,808,5,VAT08803Vs
4,1014,814,5,VAT08803Vs
4,1250,840,5,VAT08803Vs
4,1600,840,5,VAT08803Vs
4,2178,846,5,VAT08803Vs
4,2388,848,5,VAT08803Vs
4,2892,842,5,VAT08803Vs
5,386,928,5,VAT08803Vs
5,856,946,5,VAT08803Vs
5,1282,950,5,VAT08803Vs
5,1678,972,5,VAT08803Vs
5,1950,976,5,VAT08803Vs
5,2236,990,5,VAT08803Vs
5,2444,982,5,VAT08803Vs
5,2866,974,5,VAT08803Vs
6,362,1078,5,VAT08803Vs
6,924,1082,5,VAT08803Vs
6,1458,1096,5,VAT08803Vs
6,1922,1108,5,VAT08803Vs
6,2390,1090,5,VAT08803Vs
6,2872,1098,5,VAT08803Vs
6,2942,1090,5,VAT08803Vs
7,374,1232,5,VAT08803Vs
7,546,1208,5,VAT08803Vs
7,1130,1210,5,VAT08803Vs
7,1320,1204,5,VAT08803Vs
7,1712,1224,5,VAT08803Vs
7,2120,1224,5,VAT08803Vs
7,2628,1220,5,VAT08803Vs
7,2966,1218,5,VAT08803Vs
8,352,1366,5,VAT08803Vs
8,502,1336,5,VAT08803Vs
8,788,1336,5,VAT08803Vs
8,1266,1342,5,VAT08803Vs
8,1548,1344,5,VAT08803Vs
8,2206,1366,5,VAT08803Vs
8,2606,1354,5,VAT08803Vs
8,2908,1350,5,VAT08803Vs
9,386,1496,5,VAT08803Vs
9,594,1458,5,VAT08803Vs
9,800,1458,5,VAT08803Vs
9,1508,1468,5,VAT08803Vs
9,1784,1472,5,VAT08803Vs
9,2608,1486,5,VAT08803Vs
9,2912,1470,5,VAT08803Vs
10,340,1626,5,VAT08803Vs
10,540,1596,5,VAT08803Vs
10,790,1602,5,VAT08803Vs
10,1118,1602,5,VAT08803Vs
10,1474,1606,5,VAT08803Vs
10,1726,1606,5,VAT08803Vs
10,2078,1614,5,VAT08803Vs
10,2592,1592,5,VAT08803Vs
10,2886,1596,5,VAT08803Vs
11,386,1764,5,VAT08803Vs
11,556,1728,5,VAT08803Vs
11,1028,1744,5,VAT08803Vs
11,1310,1738,5,VAT08803Vs
11,1606,1736,5,VAT08803Vs
11,1984,1742,5,VAT08803Vs
11,2492,1722,5,VAT08803Vs
11,2814,1716,5,VAT08803Vs
11,2924,1712,5,VAT08803Vs
12,350,1882,5,VAT08803Vs
12,502,1852,5,VAT08803Vs
12,666,1856,5,VAT08803Vs
12,840,1876,5,VAT08803Vs
12,1098,1868,5,VAT08803Vs
12,2004,1854,5,VAT08803Vs
12,2314,1860,5,VAT08803Vs
12,2580,1846,5,VAT08803Vs
12,2930,1816,5,VAT08803Vs
13,352,1986,5,VAT08803Vs
13,526,1978,5,VAT08803Vs
13,756,1986,5,VAT08803Vs
13,1132,1988,5,VAT08803Vs
13,1582,1996,5,VAT08803Vs
13,1828,1992,5,VAT08803Vs
13,2454,1978,5,VAT08803Vs
13,2684,1964,5,VAT08803Vs
13,2940,1956,5,VAT08803Vs
14,332,2094,5,VAT08803Vs
14,584,2116,5,VAT08803Vs
14,812,2112,5,VAT08803Vs
14,1192,2122,5,VAT08803Vs
14,1714,2130,5,VAT08803Vs
14,2052,2120,5,VAT08803Vs
14,2442,2108,5,VAT08803Vs
14,2894,2078,5,VAT08803Vs
15,376,2240,5,VAT08803Vs
15,564,2234,5,VAT08803Vs
15,784,2240,5,VAT08803Vs
15,1092,2252,5,VAT08803Vs
15,1438,2242,5,VAT08803Vs
15,1664,2256,5,VAT08803Vs
15,1860,2254,5,VAT08803Vs
15,2242,2238,5,VAT08803Vs
15,2680,2228,5,VAT08803Vs
15,2900,2210,5,VAT08803Vs
16,352,2372,5,VAT08803Vs
16,528,2362,5,VAT08803Vs
16,926,2380,5,VAT08803Vs
16,1172,2392,5,VAT08803Vs
16,1380,2382,5,VAT08803Vs
16,2032,2378,5,VAT08803Vs
16,2270,2370,5,VAT08803Vs
16,2626,2360,5,VAT08803Vs
16,2884,2334,5,VAT08803Vs
17,362,2502,5,VAT08803Vs
17,708,2496,5,VAT08803Vs
17,1018,2510,5,VAT08803Vs
17,1174,2506,5,VAT08803Vs
17,1588,2512,5,VAT08803Vs
17,1860,2514,5,VAT08803Vs
17,2122,2498,5,VAT08803Vs
17,2416,2486,5,VAT08803Vs
17,2744,2460,5,VAT08803Vs
17,2884,2436,5,VAT08803Vs
18,352,2622,5,VAT08803Vs
18,500,2614,5,VAT08803Vs
18,610,2606,5,VAT08803Vs
18,752,2630,5,VAT08803Vs
18,984,2632,5,VAT08803Vs
18,1204,2640,5,VAT08803Vs
18,1538,2640,5,VAT08803Vs
18,1744,2652,5,VAT08803Vs
18,1958,2634,5,VAT08803Vs
18,2206,2632,5,VAT08803Vs
18,2548,2616,5,VAT08803Vs
18,2876,2564,5,VAT08803Vs
19,368,2764,5,VAT08803Vs
19,536,2758,5,VAT08803Vs
19,856,2762,5,VAT08803Vs
19,1112,2766,5,VAT08803Vs
19,1680,2782,5,VAT08803Vs
19,2120,2764,5,VAT08803Vs
19,2620,2726,5,VAT08803Vs
19,2880,2700,5,VAT08803Vs
20,326,2900,5,VAT08803Vs
20,514,2884,5,VAT08803Vs
20,892,2894,5,VAT08803Vs
20,1286,2900,5,VAT08803Vs
20,1780,2920,5,VAT08803Vs
20,2188,2902,5,VAT08803Vs
20,2644,2850,5,VAT08803Vs
20,2896,2834,5,VAT08803Vs
21,352,3032,5,VAT08803Vs
21,718,3028,5,VAT08803Vs
21,1232,3030,5,VAT08803Vs
21,1746,3036,5,VAT08803Vs
21,2390,3010,5,VAT08803Vs
21,2848,2968,5,VAT08803Vs
22,314,3148,5,VAT08803Vs
22,566,3152,5,VAT08803Vs
22,916,3146,5,VAT08803Vs
22,1496,3174,5,VAT08803Vs
22,1794,3160,5,VAT08803Vs
22,2542,3132,5,VAT08803Vs
22,2840,3114,5,VAT08803Vs
23,370,3292,5,VAT08803Vs
23,538,3290,5,VAT08803Vs
23,932,3274,5,VAT08803Vs
23,1318,3292,5,VAT08803Vs
23,1892,3296,5,VAT08803Vs
23,2238,3288,5,VAT08803Vs
23,2602,3280,5,VAT08803Vs
23,2846,3272,5,VAT08803Vs
24,316,3400,5,VAT08803Vs
24,518,3424,5,VAT08803Vs
24,874,3416,5,VAT08803Vs
24,1100,3424,5,VAT08803Vs
24,1258,3438,5,VAT08803Vs
24,1598,3436,5,VAT08803Vs
24,2012,3436,5,VAT08803Vs
24,2398,3426,5,VAT08803Vs
24,2620,3420,5,VAT08803Vs
24,2854,3404,5,VAT08803Vs
25,318,3546,5,VAT08803Vs
25,688,3554,5,VAT08803Vs
25,940,3544,5,VAT08803Vs
25,1134,3556,5,VAT08803Vs
25,1530,3572,5,VAT08803Vs
25,2284,3570,5,VAT08803Vs
25,2518,3576,5,VAT08803Vs
25,2832,3560,5,VAT08803Vs
26,274,3690,5,VAT08803Vs
26,382,3666,5,VAT08803Vs
26,508,3680,5,VAT08803Vs
26,744,3674,5,VAT08803Vs
26,1010,3684,5,VAT08803Vs
26,1492,3716,5,VAT08803Vs
26,1894,3724,5,VAT08803Vs
26,2212,3724,5,VAT08803Vs
26,2664,3708,5,VAT08803Vs
26,2864,3696,5,VAT08803Vs
27,344,3804,5,VAT08803Vs
27,628,3822,5,VAT08803Vs
27,876,3828,5,VAT08803Vs
27,1074,3818,5,VAT08803Vs
27,2044,3860,5,VAT08803Vs
27,2246,3848,5,VAT08803Vs
27,2538,3852,5,VAT08803Vs
27,2842,3838,5,VAT08803Vs
28,276,3940,5,VAT08803Vs
28,1006,3956,5,VAT08803Vs
28,1716,3992,5,VAT08803Vs
28,2088,3998,5,VAT08803Vs
28,2518,3986,5,VAT08803Vs
28,2876,3970,5,VAT08803Vs
29,302,4068,5,VAT08803Vs
29,822,4074,5,VAT08803Vs
29,1530,4116,5,VAT08803Vs
29,2116,4124,5,VAT08803Vs
29,2416,4126,5,VAT08803Vs
29,2852,4114,5,VAT08803Vs
30,254,4220,5,VAT08803Vs
30,698,4224,5,VAT08803Vs
30,1404,4246,5,VAT08803Vs
30,1956,4252,5,VAT08803Vs
30,2408,4248,5,VAT08803Vs
30,2846,4244,5,VAT08803Vs
31,278,4348,5,VAT08803Vs
31,1512,4372,5,VAT08803Vs
31,1812,4376,5,VAT08803Vs
31,2334,4382,5,VAT08803Vs
31,2812,4380,5,VAT08803Vs
32,274,4476,5,VAT08803Vs
32,1712,4496,5,VAT08803Vs
32,2364,4520,5,VAT08803Vs
32,2790,4512,5,VAT08803Vs
33,314,4612,5,VAT08803Vs
33,1238,4620,5,VAT08803Vs
33,1528,4624,5,VAT08803Vs
33,1930,4620,5,VAT08803Vs
33,2396,4636,5,VAT08803Vs
33,2808,4650,5,VAT08803Vs
34,270,4736,5,VAT08803Vs
34,1674,4732,5,VAT08803Vs
34,2394,4758,5,VAT08803Vs
34,2854,4786,5,VAT08803Vs
35,282,4856,5,VAT08803Vs
35,958,4826,5,VAT08803Vs
35,1678,4850,5,VAT08803Vs
35,2362,4882,5,VAT08803Vs
35,2858,4918,5,VAT08803Vs
0,386,326,6,VAT08803Rs
0,810,330,6,VAT08803Rs
0,1224,348,6,VAT08803Rs
0,1486,354,6,VAT08803Rs
0,1986,358,6,VAT08803Rs
0,2642,314,6,VAT08803Rs
0,2864,310,6,VAT08803Rs
1,306,446,6,VAT08803Rs
1,756,450,6,VAT08803Rs
1,1076,458,6,VAT08803Rs
1,1622,464,6,VAT08803Rs
1,1958,450,6,VAT08803Rs
1,2402,432,6,VAT08803Rs
1,2728,430,6,VAT08803Rs
1,2846,414,6,VAT08803Rs
2,248,576,6,VAT08803Rs
2,360,562,6,VAT08803Rs
2,564,570,6,VAT08803Rs
2,826,572,6,VAT08803Rs
2,1102,570,6,VAT08803Rs
2,1884,580,6,VAT08803Rs
2,2380,562,6,VAT08803Rs
2,2602,556,6,VAT08803Rs
2,2836,550,6,VAT08803Rs
3,310,698,6,VAT08803Rs
3,750,688,6,VAT08803Rs
3,1328,700,6,VAT08803Rs
3,1696,682,6,VAT08803Rs
3,2258,678,6,VAT08803Rs
3,2572,670,6,VAT08803Rs
3,2822,670,6,VAT08803Rs
4,292,812,6,VAT08803Rs
4,566,808,6,VAT08803Rs
4,1028,816,6,VAT08803Rs
4,1708,800,6,VAT08803Rs
4,1982,798,6,VAT08803Rs
4,2350,796,6,VAT08803Rs
4,2604,798,6,VAT08803Rs
4,2822,802,6,VAT08803Rs
5,364,934,6,VAT08803Rs
5,588,932,6,VAT08803Rs
5,896,926,6,VAT08803Rs
5,1212,922,6,VAT08803Rs
5,1546,922,6,VAT08803Rs
5,2070,910,6,VAT08803Rs
5,2382,912,6,VAT08803Rs
5,2624,912,6,VAT08803Rs
5,2826,914,6,VAT08803Rs
6,286,1058,6,VAT08803Rs
6,548,1058,6,VAT08803Rs
6,806,1046,6,VAT08803Rs
6,1050,1050,6,VAT08803Rs
6,1270,1042,6,VAT08803Rs
6,1732,1038,6,VAT08803Rs
6,1940,1040,6,VAT08803Rs
6,2172,1042,6,VAT08803Rs
6,2458,1048,6,VAT08803Rs
6,2794,1038,6,VAT08803Rs
7,296,1190,6,VAT08803Rs
7,498,1186,6,VAT08803Rs
7,832,1166,6,VAT08803Rs
7,1028,1162,6,VAT08803Rs
7,1406,1170,6,VAT08803Rs
7,2030,1174,6,VAT08803Rs
7,2230,1168,6,VAT08803Rs
7,2448,1166,6,VAT08803Rs
7,2794,1174,6,VAT08803Rs
8,324,1324,6,VAT08803Rs
8,538,1316,6,VAT08803Rs
8,764,1292,6,VAT08803Rs
8,956,1286,6,VAT08803Rs
8,1594,1280,6,VAT08803Rs
8,1780,1288,6,VAT08803Rs
8,1998,1294,6,VAT08803Rs
8,2248,1296,6,VAT08803Rs
8,2448,1294,6,VAT08803Rs
8,2824,1288,6,VAT08803Rs
9,268,1464,6,VAT08803Rs
9,478,1448,6,VAT08803Rs
9,740,1428,6,VAT08803Rs
9,918,1426,6,VAT08803Rs
9,1186,1422,6,VAT08803Rs
9,1414,1422,6,VAT08803Rs
9,1580,1426,6,VAT08803Rs
9,2098,1426,6,VAT08803Rs
9,2308,1440,6,VAT08803Rs
9,2484,1432,6,VAT08803Rs
9,2826,1428,6,VAT08803Rs
10,290,1604,6,VAT08803Rs
10,498,1560,6,VAT08803Rs
10,850,1562,6,VAT08803Rs
10,1016,1556,6,VAT08803Rs
10,1414,1554,6,VAT08803Rs
10,1672,1560,6,VAT08803Rs
10,1862,1560,6,VAT08803Rs
10,2126,1564,6,VAT08803Rs
10,2470,1554,6,VAT08803Rs
10,2804,1546,6,VAT08803Rs
11,340,1708,6,VAT08803Rs
11,662,1690,6,VAT08803Rs
11,890,1690,6,VAT08803Rs
11,1052,1680,6,VAT08803Rs
11,1444,1682,6,VAT08803Rs
11,1654,1686,6,VAT08803Rs
11,1862,1684,6,VAT08803Rs
11,2212,1688,6,VAT08803Rs
11,2734,1688,6,VAT08803Rs
12,284,1846,6,VAT08803Rs
12,442,1838,6,VAT08803Rs
12,638,1820,6,VAT08803Rs
12,1076,1808,6,VAT08803Rs
12,1422,1808,6,VAT08803Rs
12,1578,1808,6,VAT08803Rs
12,1770,1810,6,VAT08803Rs
12,2076,1806,6,VAT08803Rs
12,2348,1814,6,VAT08803Rs
12,2594,1808,6,VAT08803Rs
12,2770,1808,6,VAT08803Rs
13,368,1958,6,VAT08803Rs
13,706,1948,6,VAT08803Rs
13,1048,1938,6,VAT08803Rs
13,1408,1948,6,VAT08803Rs
13,1564,1946,6,VAT08803Rs
13,1840,1958,6,VAT08803Rs
13,2112,1946,6,VAT08803Rs
13,2294,1954,6,VAT08803Rs
13,2780,1936,6,VAT08803Rs
14,328,2094,6,VAT08803Rs
14,626,2076,6,VAT08803Rs
14,874,2076,6,VAT08803Rs
14,1108,2072,6,VAT08803Rs
14,1298,2074,6,VAT08803Rs
14,2296,2070,6,VAT08803Rs
14,2460,2072,6,VAT08803Rs
14,2758,2064,6,VAT08803Rs
15,326,2214,6,VAT08803Rs
15,496,2218,6,VAT08803Rs
15,722,2204,6,VAT08803Rs
15,986,2202,6,VAT08803Rs
15,1240,2198,6,VAT08803Rs
15,1424,2204,6,VAT08803Rs
15,2146,2208,6,VAT08803Rs
15,2428,2210,6,VAT08803Rs
15,2734,2212,6,VAT08803Rs
16,292,2368,6,VAT08803Rs
16,468,2358,6,VAT08803Rs
16,974,2342,6,VAT08803Rs
16,1184,2336,6,VAT08803Rs
16,1560,2354,6,VAT08803Rs
16,1908,2354,6,VAT08803Rs
16,2222,2346,6,VAT08803Rs
16,2494,2356,6,VAT08803Rs
16,2784,2348,6,VAT08803Rs
17,344,2494,6,VAT08803Rs
17,728,2476,6,VAT08803Rs
17,1102,2466,6,VAT08803Rs
17,1512,2466,6,VAT08803Rs
17,1858,2482,6,VAT08803Rs
17,2226,2482,6,VAT08803Rs
17,2496,2482,6,VAT08803Rs
17,2758,2474,6,VAT08803Rs
18,320,2682,6,VAT08803Rs
18,628,2668,6,VAT08803Rs
18,986,2640,6,VAT08803Rs
18,1446,2634,6,VAT08803Rs
18,1804,2640,6,VAT08803Rs
18,2172,2648,6,VAT08803Rs
18,2554,2630,6,VAT08803Rs
18,2816,2626,6,VAT08803Rs
19,318,2808,6,VAT08803Rs
19,514,2804,6,VAT08803Rs
19,694,2792,6,VAT08803Rs
19,944,2778,6,VAT08803Rs
19,1280,2762,6,VAT08803Rs
19,1624,2758,6,VAT08803Rs
19,2110,2764,6,VAT08803Rs
19,2526,2766,6,VAT08803Rs
19,2770,2758,6,VAT08803Rs
20,294,2970,6,VAT08803Rs
20,520,2970,6,VAT08803Rs
20,788,2954,6,VAT08803Rs
20,1004,2940,6,VAT08803Rs
20,1318,2926,6,VAT08803Rs
20,1696,2916,6,VAT08803Rs
20,2154,2922,6,VAT08803Rs
20,2510,2922,6,VAT08803Rs
20,2778,2910,6,VAT08803Rs
21,322,3110,6,VAT08803Rs
21,926,3066,6,VAT08803Rs
21,1206,3062,6,VAT08803Rs
21,1524,3060,6,VAT08803Rs
21,1934,3064,6,VAT08803Rs
21,2372,3054,6,VAT08803Rs
21,2638,3042,6,VAT08803Rs
21,2794,3022,6,VAT08803Rs
21,2924,2960,6,VAT08803Rs
22,292,3256,6,VAT08803Rs
22,642,3226,6,VAT08803Rs
22,888,3210,6,VAT08803Rs
22,1028,3206,6,VAT08803Rs
22,1414,3192,6,VAT08803Rs
22,1870,3192,6,VAT08803Rs
22,2206,3178,6,VAT08803Rs
22,2422,3176,6,VAT08803Rs
22,2744,3154,6,VAT08803Rs
23,582,3466,6,VAT08803Rs
23,1338,3420,6,VAT08803Rs
23,2116,3382,6,VAT08803Rs
23,2642,3354,6,VAT08803Rs
24,614,3652,6,VAT08803Rs
24,1410,3634,6,VAT08803Rs
24,1820,3624,6,VAT08803Rs
24,2308,3616,6,VAT08803Rs
24,2696,3604,6,VAT08803Rs
25,642,3894,6,VAT08803Rs
25,1296,3896,6,VAT08803Rs
25,1794,3880,6,VAT08803Rs
25,2118,3868,6,VAT08803Rs
25,2632,3862,6,VAT08803Rs
26,646,4234,6,VAT08803Rs
26,1172,4212,6,VAT08803Rs
26,1564,4186,6,VAT08803Rs
26,2006,4178,6,VAT08803Rs
26,2364,4156,6,VAT08803Rs
26,2784,4144,6,VAT08803Rs
27,644,4510,6,VAT08803Rs
27,1082,4504,6,VAT08803Rs
27,1566,4490,6,VAT08803Rs
27,1990,4494,6,VAT08803Rs
27,2468,4482,6,VAT08803Rs
27,2826,4470,6,VAT08803Rs
28,612,4816,6,VAT08803Rs
28,1188,4796,6,VAT08803Rs
28,1636,4796,6,VAT08803Rs
28,2070,4786,6,VAT08803Rs
28,2358,4800,6,VAT08803Rs
28,2724,4804,6,VAT08803Rs
0,64,117,7,P404881
0,212,132,7,P404881
0,350,147,7,P404881
1,68,158,7,P404881
1,248,165,7,P404881
1,349,176,7,P404881
2,65,196,7,P404881
2,215,203,7,P404881
2,376,209,7,P404881
3,73,233,7,P404881
3,206,235,7,P404881
3,367,239,7,P404881
4,70,268,7,P404881
4,226,269,7,P404881
4,350,270,7,P404881
4,388,271,7,P404881
5,75,303,7,P404881
5,269,300,7,P404881
5,395,302,7,P404881
6,63,336,7,P404881
6,237,337,7,P404881
6,394,336,7,P404881
7,62,372,7,P404881
7,212,371,7,P404881
7,341,370,7,P404881
7,423,372,7,P404881
8,70,405,7,P404881
8,280,404,7,P404881
8,379,407,7,P404881
8,436,403,7,P404881
9,56,439,7,P404881
9,172,438,7,P404881
10,58,471,7,P404881
10,128,471,7,P404881
0,95,176,8,P404881
0,233,174,8,P404881
0,320,168,8,P404881
1,87,266,8,P404881
1,249,260,8,P404881
1,335,251,8,P404881
2,88,345,8,P404881
2,225,338,8,P404881
2,325,336,8,P404881
3,91,423,8,P404881
3,267,409,8,P404881
3,339,406,8,P404881
0,169,115,11,P393668
0,327,108,11,P393668
0,427,106,11,P393668
0,602,141,11,P393668
1,134,198,11,P393668
1,299,195,11,P393668
1,489,208,11,P393668
2,154,276,11,P393668
2,308,281,11,P393668
2,462,288,11,P393668
3,108,383,11,P393668
3,435,389,11,P393668
3,583,394,11,P393668
4,124,485,11,P393668
4,311,493,11,P393668
4,510,510,11,P393668
4,625,498,11,P393668
5,109,603,11,P393668
5,357,602,11,P393668
5,508,605,11,P393668
5,572,612,11,P393668
5,621,600,11,P393668
6,135,707,11,P393668
6,362,712,11,P393668
6,573,704,11,P393668
7,130,791,11,P393668
7,398,803,11,P393668
8,128,888,11,P393668
8,310,918,11,P393668
8,457,917,11,P393668
8,595,902,11,P393668
9,127,993,11,P393668
9,318,1005,11,P393668
9,482,1008,11,P393668
0,123,134,12,P393668
0,356,109,12,P393668
0,535,110,12,P393668
0,615,110,12,P393668
1,133,233,12,P393668
1,379,218,12,P393668
1,574,206,12,P393668
2,112,342,12,P393668
2,320,320,12,P393668
2,541,301,12,P393668
3,105,440,12,P393668
3,220,425,12,P393668
3,403,409,12,P393668
3,619,400,12,P393668
4,173,524,12,P393668
4,405,511,12,P393668
4,604,500,12,P393668
5,141,629,12,P393668
5,389,622,12,P393668
5,567,603,12,P393668
5,649,593,12,P393668
6,143,717,12,P393668
6,361,716,12,P393668
6,498,713,12,P393668
6,627,704,12,P393668
7,176,824,12,P393668
7,345,819,12,P393668
7,602,806,12,P393668
8,156,909,12,P393668
8,353,906,12,P393668
8,567,894,12,P393668
9,148,1004,12,P393668
9,343,1003,12,P393668
9,548,997,12,P393668
0,73,91,16,P336716
0,315,82,16,P336716
1,120,165,16,P336716
1,648,141,16,P336716
2,106,259,16,P336716
2,651,224,16,P336716
3,149,329,16,P336716
3,637,289,16,P336716
4,178,391,16,P336716
4,506,370,16,P336716
0,147,73,24,P336670
0,460,71,24,P336670
1,102,126,24,P336670
1,276,112,24,P336670
1,384,111,24,P336670
1,469,109,24,P336670
2,91,173,24,P336670
2,298,162,24,P336670
3,90,249,24,P336670
3,187,240,24,P336670
4,87,308,24,P336670
4,301,297,24,P336670
5,93,356,24,P336670
5,291,352,24,P336670
0,72,72,30,P336663b
0,195,79,30,P336663b
0,304,74,30,P336663b
0,428,64,30,P336663b
1,106,130,30,P336663b
1,272,129,30,P336663b
1,446,120,30,P336663b
2,88,188,30,P336663b
2,260,190,30,P336663b
2,485,177,30,P336663b
3,94,246,30,P336663b
3,251,241,30,P336663b
3,359,240,30,P336663b
3,463,235,30,P336663b
3,498,235,30,P336663b
4,81,311,30,P336663b
4,297,299,30,P336663b
4,444,291,30,P336663b
4,546,283,30,P336663b
5,142,365,30,P336663b
5,346,356,30,P336663b
5,550,344,30,P336663b
5,586,340,30,P336663b
6,221,420,30,P336663b
6,459,405,30,P336663b
0,272,80,34,P336660
0,397,77,34,P336660
1,66,160,34,P336660
1,388,151,34,P336660
2,73,232,34,P336660
2,379,219,34,P336660
3,103,285,34,P336660
3,217,288,34,P336660
3,324,285,34,P336660
0,131,48,38,P336655
0,495,46,38,P336655
1,87,105,38,P336655
1,212,110,38,P336655
1,379,102,38,P336655
1,590,106,38,P336655
1,709,103,38,P336655
2,101,159,38,P336655
2,351,159,38,P336655
2,533,160,38,P336655
2,729,153,38,P336655
3,62,229,38,P336655
3,186,232,38,P336655
3,324,236,38,P336655
3,490,238,38,P336655
3,665,234,38,P336655
3,742,229,38,P336655
4,136,289,38,P336655
4,437,288,38,P336655
4,635,286,38,P336655
5,137,343,38,P336655
5,319,342,38,P336655
5,471,341,38,P336655
5,730,328,38,P336655
0,59,64,39,P336655
0,169,56,39,P336655
0,297,46,39,P336655
0,457,43,39,P336655
0,737,70,39,P336655
1,104,105,39,P336655
1,306,92,39,P336655
1,443,86,39,P336655
1,740,109,39,P336655
2,58,152,39,P336655
2,179,147,39,P336655
2,354,143,39,P336655
2,456,142,39,P336655
2,628,140,39,P336655
2,738,151,39,P336655
3,100,213,39,P336655
3,279,207,39,P336655
3,364,205,39,P336655
3,508,202,39,P336655
3,612,202,39,P336655
4,63,267,39,P336655
4,236,259,39,P336655
4,360,260,39,P336655
4,479,254,39,P336655
4,540,255,39,P336655
5,125,318,39,P336655
5,344,313,39,P336655
5,458,311,39,P336655
5,545,312,39,P336655
0,43,131,43,P336651
0,202,134,43,P336651
1,57,195,43,P336651
1,263,188,43,P336651
2,41,255,43,P336651
2,272,255,43,P336651
0,317,211,44,P336643
0,455,192,44,P336643
1,379,257,44,P336643
1,475,238,44,P336643
2,141,339,44,P336643
2,385,315,44,P336643
2,505,292,44,P336643
3,85,395,44,P336643
3,289,376,44,P336643
3,509,344,44,P336643
4,73,448,44,P336643
4,323,427,44,P336643
4,471,403,44,P336643
4,551,396,44,P336643
5,78,492,44,P336643
5,316,470,44,P336643
5,502,450,44,P336643
6,72,546,44,P336643
6,177,539,44,P336643
6,277,526,44,P336643
6,400,516,44,P336643
6,529,514,44,P336643
0,134,66,48,P336634
0,196,63,48,P336634
1,95,128,48,P336634
1,269,114,48,P336634
2,99,181,48,P336634
2,305,172,48,P336634
3,189,249,48,P336634
3,267,247,48,P336634
4,99,300,48,P336634
4,322,287,48,P336634
5,109,360,48,P336634
5,325,345,48,P336634
6,103,421,48,P336634
6,269,406,48,P336634
6,397,397,48,P336634
7,99,480,48,P336634
7,194,475,48,P336634
7,305,464,48,P336634
7,438,453,48,P336634
8,103,536,48,P336634
8,236,525,48,P336634
8,346,514,48,P336634
8,462,509,48,P336634
9,96,591,48,P336634
9,178,587,48,P336634
9,333,573,48,P336634
9,459,569,48,P336634
0,246,67,49,P336614
0,485,63,49,P336614
1,270,114,49,P336614
1,399,107,49,P336614
1,535,102,49,P336614
2,287,170,49,P336614
2,527,160,49,P336614
3,291,230,49,P336614
3,500,206,49,P336614
4,300,297,49,P336614
4,477,267,49,P336614
5,248,346,49,P336614
5,347,343,49,P336614
5,441,329,49,P336614
0,166,137,50,P336614
0,371,137,50,P336614
1,219,193,50,P336614
1,500,193,50,P336614
2,90,250,50,P336614
2,510,250,50,P336614
3,285,306,50,P336614
3,503,304,50,P336614
4,206,346,50,P336614
4,349,349,50,P336614
4,515,343,50,P336614
0,69,109,55,P336608
0,219,117,55,P336608
0,288,119,55,P336608
0,367,121,55,P336608
0,427,119,55,P336608
0,518,123,55,P336608
1,121,158,55,P336608
1,195,158,55,P336608
1,288,160,55,P336608
1,371,161,55,P336608
1,433,163,55,P336608
1,497,165,55,P336608
1,522,163,55,P336608
2,152,197,55,P336608
2,320,205,55,P336608
2,375,205,55,P336608
2,453,206,55,P336608
2,475,205,55,P336608
3,179,241,55,P336608
3,304,247,55,P336608
3,411,249,55,P336608
4,211,288,55,P336608
4,345,289,55,P336608
0,132,99,56,P336608
0,322,98,56,P336608
1,116,140,56,P336608
1,363,136,56,P336608
2,80,192,56,P336608
2,266,184,56,P336608
2,426,181,56,P336608
3,69,244,56,P336608
3,296,226,56,P336608
3,446,223,56,P336608
4,83,286,56,P336608
4,281,267,56,P336608
4,462,260,56,P336608
0,971,396,59,P335608
0,1246,386,59,P335608
1,495,477,59,P335608
1,669,472,59,P335608
2,897,453,59,P335608
2,1396,430,59,P335608
2,1660,414,59,P335608
3,552,529,59,P335608
3,892,512,59,P335608
3,1120,496,59,P335608
3,1361,481,59,P335608
3,1546,469,59,P335608
3,1725,456,59,P335608
3,1842,456,59,P335608
4,604,577,59,P335608
4,773,568,59,P335608
4,940,554,59,P335608
4,1132,548,59,P335608
4,1341,529,59,P335608
4,1452,526,59,P335608
4,1662,508,59,P335608
4,1794,506,59,P335608
4,1837,501,59,P335608
5,647,635,59,P335608
5,825,626,59,P335608
5,1030,608,59,P335608
5,1236,594,59,P335608
5,1409,577,59,P335608
5,1502,574,59,P335608
5,1668,565,59,P335608
5,1826,556,59,P335608
6,687,680,59,P335608
6,1002,664,59,P335608
6,1277,650,59,P335608
6,1594,624,59,P335608
6,1756,617,59,P335608
7,1116,705,59,P335608
7,1560,678,59,P335608
7,1789,668,59,P335608
7,1830,660,59,P335608
8,629,799,59,P335608
8,941,768,59,P335608
8,1281,749,59,P335608
8,1646,721,59,P335608
8,1777,720,59,P335608
8,1825,716,59,P335608
9,296,872,59,P335608
9,446,861,59,P335608
9,638,853,59,P335608
9,920,836,59,P335608
9,1112,818,59,P335608
9,1397,794,59,P335608
9,1666,778,59,P335608
9,1824,769,59,P335608
10,319,921,59,P335608
10,566,906,59,P335608
10,840,892,59,P335608
10,1145,869,59,P335608
10,1424,849,59,P335608
10,1616,840,59,P335608
10,1761,826,59,P335608
11,313,979,59,P335608
11,469,969,59,P335608
11,844,940,59,P335608
11,1248,918,59,P335608
11,1525,900,59,P335608
11,1746,888,59,P335608
12,251,1035,59,P335608
12,457,1026,59,P335608
12,669,1013,59,P335608
12,949,992,59,P335608
12,1193,981,59,P335608
12,1408,962,59,P335608
12,1608,956,59,P335608
12,1733,952,59,P335608
12,1789,949,59,P335608
13,221,1083,59,P335608
13,360,1084,59,P335608
13,537,1078,59,P335608
13,773,1061,59,P335608
13,1017,1050,59,P335608
13,1309,1026,59,P335608
13,1494,1017,59,P335608
13,1690,1010,59,P335608
14,307,1137,59,P335608
14,496,1124,59,P335608
14,750,1116,59,P335608
14,968,1098,59,P335608
14,1132,1092,59,P335608
14,1286,1076,59,P335608
14,1500,1068,59,P335608
14,1650,1060,59,P335608
14,1737,1058,59,P335608
15,288,1192,59,P335608
15,464,1185,59,P335608
15,705,1170,59,P335608
15,794,1165,59,P335608
15,972,1157,59,P335608
15,1128,1144,59,P335608
15,1360,1121,59,P335608
15,1544,1112,59,P335608
15,1766,1106,59,P335608
16,303,1253,59,P335608
16,557,1241,59,P335608
16,680,1226,59,P335608
16,865,1217,59,P335608
16,1120,1202,59,P335608
16,1294,1184,59,P335608
16,1533,1166,59,P335608
16,1741,1154,59,P335608
17,225,1305,59,P335608
17,406,1301,59,P335608
17,628,1288,59,P335608
17,857,1272,59,P335608
17,1057,1265,59,P335608
17,1245,1249,59,P335608
17,1453,1240,59,P335608
17,1525,1232,59,P335608
18,203,1365,59,P335608
18,541,1352,59,P335608
18,884,1336,59,P335608
18,1133,1322,59,P335608
18,1344,1301,59,P335608
18,1529,1292,59,P335608
19,163,1419,59,P335608
19,282,1417,59,P335608
19,429,1413,59,P335608
19,638,1406,59,P335608
19,882,1393,59,P335608
19,1073,1385,59,P335608
19,1286,1372,59,P335608
19,1512,1356,59,P335608
20,153,1469,59,P335608
20,256,1473,59,P335608
20,378,1468,59,P335608
20,572,1461,59,P335608
20,870,1448,59,P335608
20,1125,1433,59,P335608
20,1426,1421,59,P335608
20,1632,1408,59,P335608
20,1842,1394,59,P335608
21,207,1520,59,P335608
21,509,1510,59,P335608
21,897,1497,59,P335608
21,1193,1490,59,P335608
21,1430,1477,59,P335608
21,1702,1460,59,P335608
21,1834,1458,59,P335608
22,201,1572,59,P335608
22,342,1566,59,P335608
22,554,1562,59,P335608
22,804,1550,59,P335608
22,1105,1537,59,P335608
22,1317,1532,59,P335608
22,1552,1521,59,P335608
22,1772,1513,59,P335608
22,1834,1512,59,P335608
23,201,1619,59,P335608
23,340,1618,59,P335608
23,461,1617,59,P335608
23,709,1614,59,P335608
23,988,1598,59,P335608
23,1257,1588,59,P335608
23,1484,1582,59,P335608
23,1714,1576,59,P335608
23,1837,1573,59,P335608
24,160,1676,59,P335608
24,430,1676,59,P335608
24,721,1664,59,P335608
24,972,1648,59,P335608
24,1308,1637,59,P335608
24,1404,1633,59,P335608
24,1688,1626,59,P335608
24,1840,1621,59,P335608
25,153,1733,59,P335608
25,860,1714,59,P335608
25,1348,1689,59,P335608
25,1605,1688,59,P335608
25,1777,1681,59,P335608
25,1844,1680,59,P335608
26,161,1787,59,P335608
26,640,1777,59,P335608
26,982,1762,59,P335608
26,1344,1745,59,P335608
26,1705,1742,59,P335608
26,1834,1737,59,P335608
27,145,1835,59,P335608
27,538,1829,59,P335608
27,836,1822,59,P335608
27,1201,1816,59,P335608
27,1504,1806,59,P335608
27,1837,1794,59,P335608
28,263,1885,59,P335608
28,533,1885,59,P335608
28,818,1878,59,P335608
28,1100,1876,59,P335608
28,1398,1866,59,P335608
28,1738,1860,59,P335608
28,1836,1854,59,P335608
29,343,1935,59,P335608
29,642,1936,59,P335608
29,854,1929,59,P335608
29,1136,1924,59,P335608
29,1540,1916,59,P335608
29,1788,1914,59,P335608
29,1854,1909,59,P335608
30,415,1997,59,P335608
30,780,1990,59,P335608
30,1186,1982,59,P335608
30,1517,1973,59,P335608
30,1838,1964,59,P335608
31,453,2053,59,P335608
31,842,2041,59,P335608
31,1240,2038,59,P335608
31,1576,2028,59,P335608
31,1833,2018,59,P335608
32,493,2096,59,P335608
32,1044,2096,59,P335608
32,1414,2085,59,P335608
32,1761,2086,59,P335608
33,520,2147,59,P335608
33,769,2150,59,P335608
33,1076,2144,59,P335608
33,1438,2142,59,P335608
33,1712,2145,59,P335608
34,395,2204,59,P335608
34,765,2209,59,P335608
34,1157,2200,59,P335608
34,1449,2202,59,P335608
34,1693,2206,59,P335608
35,417,2255,59,P335608
35,865,2262,59,P335608
35,1249,2264,59,P335608
35,1645,2265,59,P335608
36,419,2311,59,P335608
36,830,2314,59,P335608
36,1153,2320,59,P335608
36,1488,2326,59,P335608
36,1580,2322,59,P335608
37,847,2372,59,P335608
37,1297,2385,59,P335608
37,1598,2386,59,P335608
0,166,86,60,P335605
0,492,90,60,P335605
1,122,147,60,P335605
1,508,150,60,P335605
2,118,205,60,P335605
2,552,202,60,P335605
3,147,258,60,P335605
3,581,262,60,P335605
4,275,323,60,P335605
4,576,324,60,P335605
5,256,383,60,P335605
5,571,383,60,P335605
5,609,380,60,P335605
0,208,108,62,P335598
0,461,113,62,P335598
0,521,111,62,P335598
1,132,176,62,P335598
1,361,175,62,P335598
1,530,170,62,P335598
2,162,266,62,P335598
2,424,258,62,P335598
2,518,252,62,P335598
3,166,330,62,P335598
3,298,323,62,P335598
3,481,315,62,P335598
4,228,386,62,P335598
4,339,386,62,P335598
0,54,61,66,P334357
0,156,61,66,P334357
0,281,57,66,P334357
1,57,98,66,P334357
1,155,100,66,P334357
1,230,98,66,P334357
1,269,96,66,P334357
2,48,133,66,P334357
2,137,131,66,P334357
2,210,131,66,P334357
2,268,135,66,P334357
3,46,174,66,P334357
3,131,166,66,P334357
3,259,166,66,P334357
4,48,212,66,P334357
4,150,205,66,P334357
4,254,205,66,P334357
5,41,248,66,P334357
5,152,243,66,P334357
5,235,238,66,P334357
6,48,286,66,P334357
6,100,282,66,P334357
6,166,278,66,P334357
6,216,276,66,P334357
6,276,272,66,P334357
7,56,324,66,P334357
7,117,316,66,P334357
7,197,314,66,P334357
7,242,310,66,P334357
7,274,308,66,P334357
8,39,358,66,P334357
8,84,353,66,P334357
8,133,352,66,P334357
8,192,350,66,P334357
8,239,347,66,P334357
9,50,392,66,P334357
9,121,390,66,P334357
9,172,388,66,P334357
9,256,386,66,P334357
10,59,430,66,P334357
10,193,429,66,P334357
10,238,425,66,P334357
10,263,420,66,P334357
11,42,465,66,P334357
11,101,464,66,P334357
11,161,463,66,P334357
11,195,461,66,P334357
11,248,457,66,P334357
12,58,497,66,P334357
12,143,492,66,P334357
12,217,496,66,P334357
12,258,491,66,P334357
13,100,532,66,P334357
13,230,531,66,P334357
0,61,45,67,P334357
0,145,43,67,P334357
0,200,44,67,P334357
0,245,47,67,P334357
1,55,83,67,P334357
1,134,75,67,P334357
1,204,76,67,P334357
2,64,113,67,P334357
2,156,102,67,P334357
2,233,104,67,P334357
2,264,108,67,P334357
3,60,142,67,P334357
3,151,138,67,P334357
3,263,138,67,P334357
0,45,76,72,P334311
0,146,70,72,P334311
0,249,66,72,P334311
0,362,54,72,P334311
1,46,115,72,P334311
1,108,102,72,P334311
1,214,97,72,P334311
1,322,89,72,P334311
1,376,84,72,P334311
2,45,153,72,P334311
2,98,140,72,P334311
2,212,126,72,P334311
2,371,121,72,P334311
3,45,191,72,P334311
3,106,176,72,P334311
3,232,159,72,P334311
3,359,157,72,P334311
4,41,232,72,P334311
4,102,218,72,P334311
4,210,199,72,P334311
4,301,199,72,P334311
4,372,192,72,P334311
5,45,268,72,P334311
5,102,258,72,P334311
5,204,245,72,P334311
5,377,232,72,P334311
6,43,315,72,P334311
6,133,296,72,P334311
6,215,286,72,P334311
6,355,272,72,P334311
7,44,357,72,P334311
7,98,338,72,P334311
7,179,325,72,P334311
7,272,310,72,P334311
7,370,301,72,P334311
8,43,404,72,P334311
8,90,389,72,P334311
8,167,375,72,P334311
8,252,365,72,P334311
8,334,349,72,P334311
8,388,344,72,P334311
9,56,437,72,P334311
9,122,423,72,P334311
9,193,415,72,P334311
9,346,392,72,P334311
10,68,473,72,P334311
10,132,459,72,P334311
10,204,451,72,P334311
10,297,436,72,P334311
10,368,426,72,P334311
11,65,514,72,P334311
11,141,501,72,P334311
11,218,489,72,P334311
11,323,480,72,P334311
11,391,468,72,P334311
12,55,555,72,P334311
12,126,543,72,P334311
12,235,526,72,P334311
12,340,515,72,P334311
12,393,508,72,P334311
13,55,595,72,P334311
13,133,582,72,P334311
13,213,573,72,P334311
13,293,566,72,P334311
13,380,558,72,P334311
14,42,651,72,P334311
14,154,633,72,P334311
14,265,621,72,P334311
14,378,607,72,P334311
15,51,693,72,P334311
15,113,681,72,P334311
15,254,665,72,P334311
15,363,649,72,P334311
16,54,738,72,P334311
16,91,728,72,P334311
16,218,715,72,P334311
16,371,696,72,P334311
17,53,780,72,P334311
17,135,765,72,P334311
17,214,755,72,P334311
17,371,744,72,P334311
18,62,819,72,P334311
18,122,809,72,P334311
18,193,801,72,P334311
18,275,797,72,P334311
18,349,791,72,P334311
18,392,786,72,P334311
19,53,862,72,P334311
19,111,851,72,P334311
19,188,844,72,P334311
19,331,840,72,P334311
19,385,840,72,P334311
0,74,62,73,P334311
0,141,57,73,P334311
0,250,49,73,P334311
0,377,44,73,P334311
1,66,99,73,P334311
1,135,87,73,P334311
1,237,82,73,P334311
1,311,74,73,P334311
1,375,75,73,P334311
2,80,125,73,P334311
2,173,112,73,P334311
2,269,109,73,P334311
2,381,110,73,P334311
3,78,170,73,P334311
3,207,151,73,P334311
3,283,143,73,P334311
3,365,139,73,P334311
4,71,211,73,P334311
4,168,196,73,P334311
4,221,194,73,P334311
4,373,175,73,P334311
5,47,259,73,P334311
5,232,236,73,P334311
5,382,233,73,P334311
5,413,236,73,P334311
6,59,299,73,P334311
6,242,277,73,P334311
6,341,274,73,P334311
6,403,274,73,P334311
7,50,348,73,P334311
7,106,337,73,P334311
7,178,331,73,P334311
7,293,320,73,P334311
7,371,314,73,P334311
7,398,314,73,P334311
8,51,385,73,P334311
8,186,367,73,P334311
8,288,356,73,P334311
8,382,351,73,P334311
8,393,349,73,P334311
9,49,424,73,P334311
9,163,409,73,P334311
9,264,396,73,P334311
9,337,390,73,P334311
9,389,388,73,P334311
10,68,461,73,P334311
10,140,448,73,P334311
10,269,436,73,P334311
10,371,430,73,P334311
11,61,502,73,P334311
11,144,491,73,P334311
11,253,479,73,P334311
11,323,469,73,P334311
11,388,471,73,P334311
12,55,555,73,P334311
12,172,541,73,P334311
12,260,531,73,P334311
12,374,521,73,P334311
12,402,521,73,P334311
13,52,617,73,P334311
13,178,600,73,P334311
13,338,586,73,P334311
14,47,667,73,P334311
14,180,654,73,P334311
14,248,643,73,P334311
14,343,628,73,P334311
15,51,714,73,P334311
15,220,692,73,P334311
15,357,668,73,P334311
16,48,764,73,P334311
16,160,749,73,P334311
16,270,733,73,P334311
16,360,724,73,P334311
17,60,810,73,P334311
17,195,793,73,P334311
17,348,771,73,P334311
18,51,857,73,P334311
18,134,849,73,P334311
18,225,839,73,P334311
18,320,830,73,P334311
18,373,824,73,P334311
0,255,123,80,P314346
0,327,121,80,P314346
1,152,175,80,P314346
1,334,166,80,P314346
2,130,228,80,P314346
2,331,221,80,P314346
3,96,287,80,P314346
3,263,278,80,P314346
4,74,344,80,P314346
4,282,330,80,P314346
5,66,396,80,P314346
5,228,389,80,P314346
5,318,381,80,P314346
6,90,446,80,P314346
6,218,442,80,P314346
6,329,435,80,P314346
7,79,494,80,P314346
7,188,493,80,P314346
7,304,492,80,P314346
7,361,489,80,P314346
8,116,546,80,P314346
8,260,548,80,P314346
8,381,542,80,P314346
9,149,599,80,P314346
9,365,599,80,P314346
10,194,643,80,P314346
10,309,642,80,P314346
10,376,640,80,P314346
11,278,692,80,P314346
11,381,688,80,P314346
12,343,734,80,P314346
12,399,733,80,P314346
0,108,198,82,P239304
0,409,187,82,P239304
1,106,250,82,P239304
1,324,254,82,P239304
2,91,319,82,P239304
2,353,310,82,P239304
3,171,385,82,P239304
3,294,383,82,P239304
0,166,155,83,K01057
0,315,152,83,K01057
1,120,255,83,K01057
1,301,248,83,K01057
2,96,337,83,K01057
2,355,337,83,K01057
3,111,424,83,K01057
3,255,422,83,K01057
3,525,424,83,K01057
0,76,92,84,K01057
0,192,90,84,K01057
0,314,90,84,K01057
0,451,87,84,K01057
0,548,86,84,K01057
1,103,155,84,K01057
1,211,147,84,K01057
1,377,141,84,K01057
1,484,139,84,K01057
1,545,143,84,K01057
2,82,232,84,K01057
2,242,213,84,K01057
2,382,208,84,K01057
2,487,202,84,K01057
2,553,204,84,K01057
3,100,298,84,K01057
3,179,286,84,K01057
3,316,275,84,K01057
3,443,274,84,K01057
3,571,276,84,K01057
4,95,372,84,K01057
4,229,357,84,K01057
4,353,349,84,K01057
4,476,346,84,K01057
4,557,348,84,K01057
5,98,442,84,K01057
5,258,427,84,K01057
5,382,415,84,K01057
5,566,416,84,K01057
6,136,523,84,K01057
6,350,498,84,K01057
7,135,600,84,K01057
7,264,594,84,K01057
8,184,682,84,K01057
8,334,669,84,K01057
9,210,760,84,K01057
9,325,752,84,K01057
10,247,843,84,K01057
10,332,842,84,K01057
